Label,# Samples,Average,Median,90% Line,95% Line,99% Line,Min,Max,Error %,Throughput,Received KB/sec,Sent KB/sec
Node,50000,109,110,112,112,113,100,116,0.000%,893.04851,195.35,105.53
TOTAL,50000,109,110,112,112,113,100,116,0.000%,893.04851,195.35,105.53
